上位のページ,クリック数,表示回数,CTR,掲載順位,CTR_numeric
https://joseikin-insight.com/grants/【2025年名古屋市】定額減税補足給付金（不足額給/,0,107,0%,5.41,0.0
https://joseikin-insight.com/grants/【令和7年再開】人材確保等支援助成金（雇用管-2/,0,151,0%,6.43,0.0
https://joseikin-insight.com/grants/伝統的工芸品産業支援補助金：令和7年度の公募情/,0,92,0%,5.95,0.0
https://joseikin-insight.com/grants/【令和7年度最新】人材確保等支援助成金（テレワ/,0,94,0%,5.62,0.0
https://joseikin-insight.com/grants/【2024年版】dx推進補助金・助成金まとめ！中小企業/,0,96,0%,6.65,0.0
https://joseikin-insight.com/grants/【2025年最新】全国補助金一覧！経産省・47都道府県/,0,100,0%,9.02,0.0
https://joseikin-insight.com/grants/【2025年最新】ものづくり補助金（21次締切）完全ガ/,0,102,0%,9.29,0.0
https://joseikin-insight.com/grants/【2025年度】介護ロボット・ict導入補助金一覧｜全国47-3/,0,104,0%,6.5,0.0
https://joseikin-insight.com/grant-category/6次産業化/,0,104,0%,4.82,0.0
https://joseikin-insight.com/grants/【2025年最新】東京都の創業助成金｜最大400万円！申/,0,127,0%,6.76,0.0
https://joseikin-insight.com/grants/【2025年度】福岡市住宅用エネルギーシステム補助/,0,75,0%,9.32,0.0
https://joseikin-insight.com/grants/【2025年】品川区省エネ・業務改善助成金｜最大80万-3/,0,75,0%,7.28,0.0
https://joseikin-insight.com/grants/【2024-2025年版】環境省の脱炭素・gx補助金まとめ｜令和/,0,78,0%,6.0,0.0
https://joseikin-insight.com/grants/【2025年】東京ゼロエミ住宅助成金：最大240万円！申-3/,0,80,0%,6.74,0.0
https://joseikin-insight.com/grants/福井県-滋賀県-中小企業向け海外出願支援事業：補/,0,83,0%,5.1,0.0
https://joseikin-insight.com/grants/令和7年度一般会計予算：国の予算規模と内訳を徹/,0,87,0%,7.78,0.0
https://joseikin-insight.com/grants/【東京都】私立中学校等授業料軽減助成金｜年額-3/,0,89,0%,4.0,0.0
https://joseikin-insight.com/grants/【2025年】地域公共交通確保維持改善事業を徹底解/,0,92,0%,7.45,0.0
https://joseikin-insight.com/grants/中小企業デジタルツール導入促進支援事業-2/,0,62,0%,8.11,0.0
https://joseikin-insight.com/grants/【最大300万円】nedoの2025年度nep開拓コース！対象者・申/,0,59,0%,6.41,0.0
https://joseikin-insight.com/grants/【2025年度】神奈川県ev充電設備補助金を徹底解説！/,0,60,0%,6.58,0.0
https://joseikin-insight.com/grants/【2025年受付再開】人材確保等支援助成金（雇用管/,0,57,0%,7.18,0.0
https://joseikin-insight.com/grants/【2025年版】東京都中小企業制度融資を徹底解説！-3/,0,58,0%,8.0,0.0
https://joseikin-insight.com/grants/【2025年版】省エネ投資促進・需要構造転換支援事/,0,60,0%,8.65,0.0
https://joseikin-insight.com/grants/港区創業・スタートアップ支援事業補助金/,0,60,0%,8.57,0.0
https://joseikin-insight.com/grants/【2025年】品川区ゼロカーボンアクション助成金｜/,0,60,0%,6.93,0.0
https://joseikin-insight.com/grants/事業再構築補助金-第10回公募：交付申請の重要ポ/,0,61,0%,6.62,0.0
https://joseikin-insight.com/grants/【2025年-令和7年度】北見市地域材活用住宅補助金｜/,0,58,0%,8.64,0.0
https://joseikin-insight.com/grants/【2025年9月最新】兵庫県の補助金・助成金一覧｜中/,0,59,0%,8.8,0.0
https://joseikin-insight.com/grants/【最大10億円】東京都-ゼロエミッションイノベー-2/,0,109,0%,5.85,0.0
https://joseikin-insight.com/grants/先進的設備等活用放送コンテンツ製作促進事業（/,0,110,0%,7.02,0.0
https://joseikin-insight.com/grants/【2025年最新】需要家主導型太陽光発電補助金を徹/,0,118,0%,7.52,0.0
https://joseikin-insight.com/grants/【2025年】inpit外国出願補助金｜海外特許出願費用を半/,0,124,0%,6.64,0.0
https://joseikin-insight.com/grants/リスキリングを通じたキャリアアップ支援事業（/,0,127,0%,8.97,0.0
https://joseikin-insight.com/grants/【2025年版】給湯省エネ事業補助金！最大20万円でエ/,0,127,0%,7.42,0.0
https://joseikin-insight.com/grants/【2025年】地域活動助成金を徹底解説！自治会・npo向/,0,64,0%,6.42,0.0
https://joseikin-insight.com/grants/【2025年-船橋市】自転車ヘルメット購入費補助金｜2000/,0,68,0%,7.4,0.0
https://joseikin-insight.com/grants/【令和7年】東京都個人宅向け防犯機器購入助成金/,0,69,0%,8.42,0.0
https://joseikin-insight.com/grants/【2025年最新】卵子凍結の助成金はいくら？東京都/,0,70,0%,9.06,0.0
https://joseikin-insight.com/grants/【2025年-大阪市】集合住宅向け電気自動車充電設備-2/,0,72,0%,7.51,0.0
https://joseikin-insight.com/grants/【2025年】商用車電動化促進事業（トラック）を解/,0,74,0%,5.19,0.0
https://joseikin-insight.com/grants/【2025年度】つくば市蓄電池・エコキュート補助金/,0,62,0%,7.95,0.0
https://joseikin-insight.com/grants/【2025年最新】東京都中小企業向け補助金・助成金-6/,0,62,0%,6.61,0.0
https://joseikin-insight.com/grants/【2025年安城市】スマートハウス普及促進補助金｜/,0,62,0%,6.37,0.0
https://joseikin-insight.com/grants/【2025年版】gap・有機jas認証の費用を補助！国・自治-2/,0,62,0%,5.95,0.0
https://joseikin-insight.com/grants/【調布市】省エネ設備導入補助金2025：led・リユース-3/,0,64,0%,8.86,0.0
https://joseikin-insight.com/grants/【2025年版】東京都中小企業制度融資を徹底解説！/,0,71,0%,8.79,0.0
https://joseikin-insight.com/grants/【2025年】65歳超雇用推進助成金｜定年引上げで最大160-3/,0,65,0%,7.83,0.0
https://joseikin-insight.com/grants/【2025年最新】小規模事業者持続化補助金＜一般型-18/,0,65,0%,7.68,0.0
https://joseikin-insight.com/grants/【2024年】jogmecの助成金・支援事業を徹底解説！資源開/,0,58,0%,7.07,0.0
https://joseikin-insight.com/grants/【秋田県】医療機関向け生産性向上補助金｜ict導/,0,60,0%,6.27,0.0
https://joseikin-insight.com/grants/【2025年】ネット・ゼロ・エネルギー・ビルzeb実証事/,0,60,0%,6.0,0.0
https://joseikin-insight.com/grants/グローバルサウス未来志向型共創等事業費補助金-7/,0,61,0%,9.41,0.0
https://joseikin-insight.com/grants/令和7年度経済産業省概算要求の事業概要を徹底解/,0,61,0%,8.28,0.0
https://joseikin-insight.com/grants/【令和7年度】医療機関向け生産性向上・職場環境/,0,61,0%,8.16,0.0
https://joseikin-insight.com/grants/【2025年】東京都の創業助成金を徹底解説！最大400万/,0,59,0%,6.86,0.0
https://joseikin-insight.com/grants/【2025年最新】愛知県の企業立地補助金・奨励金ま-2/,0,65,0%,6.89,0.0
https://joseikin-insight.com/grants/【令和7年度】東京都中小企業向け専門家派遣事-4/,0,65,0%,4.32,0.0
https://joseikin-insight.com/grants/【2025年最新】小規模事業者持続化補助金：公募情/,0,245,0%,9.7,0.0
https://joseikin-insight.com/grants/【2025年最新】ものづくり補助金21次締切を徹底解説/,0,271,0%,8.86,0.0
https://joseikin-insight.com/grants/【2025年】経済産業省フェムテック補助金｜最大1000万/,0,386,0%,4.3,0.0
https://joseikin-insight.com/grants/令和7年度-経済産業省-フェムテック等サポートサ/,1,341,0.29%,6.05,0.0029
https://joseikin-insight.com/grants/【2025年】八王子市エネルギー・物価高騰対策事業/,1,203,0.49%,4.23,0.0049
https://joseikin-insight.com/grants/【令和7年再開】人材確保等支援助成金（雇用管理/,1,192,0.52%,5.28,0.0052
https://joseikin-insight.com/grants/【東京都】医療機関向けai技術活用促進事業で最大/,1,144,0.69%,10.0,0.0069
https://joseikin-insight.com/grants/令和7年度フェムテック等サポートサービス実証事/,1,140,0.71%,6.23,0.0070999999999999995
https://joseikin-insight.com/grants/【2025年】文化庁の補助金・助成金まとめ｜令和7年/,2,254,0.79%,6.58,0.0079
https://joseikin-insight.com/grants/令和7年度系統用蓄電池・水電解装置導入支援事業/,1,124,0.81%,7.06,0.008100000000000001
https://joseikin-insight.com/grants/【最大1-2補助】総務省「地域デジタル基盤活用推/,2,232,0.86%,6.26,0.0086
https://joseikin-insight.com/grants/【渋谷区】ハッピーマザー出産助成金｜10万円受給/,1,114,0.88%,6.82,0.0088
https://joseikin-insight.com/grants/【2024年】jgrantsで海外展開補助金を探す方法を専門家が/,1,109,0.92%,6.51,0.0092
https://joseikin-insight.com/grants/中小企業・個人事業主向け省エネ補助金情報（sii/,2,218,0.92%,8.46,0.0092
https://joseikin-insight.com/grants/データセンターのゼロエミッション化・レジリエ-2/,1,106,0.94%,7.88,0.009399999999999999
https://joseikin-insight.com/grants/【2025年度】福岡市空き家活用補助金を徹底解説！/,1,93,1.08%,4.35,0.0108
https://joseikin-insight.com/grants/【2025年版】秋田県の省エネ家電補助金！最大10万円/,3,272,1.1%,7.33,0.011000000000000001
https://joseikin-insight.com/grants/【東村山市】住まいの防犯機器購入補助金2025｜最-2/,1,85,1.18%,7.99,0.0118
https://joseikin-insight.com/grants/【2025年】大田区住まいの防犯対策緊急補助金｜最-3/,1,85,1.18%,8.01,0.0118
https://joseikin-insight.com/grants/渋谷区スタートアップ・ベンチャー支援補助金/,3,249,1.2%,3.45,0.012
https://joseikin-insight.com/grants/令和7年度-商店街空き店舗活用事業【最大500万円】/,1,80,1.25%,5.64,0.0125
https://joseikin-insight.com/grants/令和7年度-酒類業振興支援事業費補助金（第3期）/,1,74,1.35%,6.18,0.013500000000000002
https://joseikin-insight.com/grants/【2025年-立川市】住まいの防犯対策緊急支援事業｜-3/,1,73,1.37%,7.92,0.0137
https://joseikin-insight.com/grants/【2025年-令和7年度】小牧市住宅用地球温暖化対策設/,4,284,1.41%,9.25,0.0141
https://joseikin-insight.com/grants/【2025年川越市】省エネ家電補助金で最大5万円！エ-2/,1,71,1.41%,7.39,0.0141
https://joseikin-insight.com/grants/【豊橋市】均等割のみ課税世帯支援給付金10万円｜/,3,212,1.42%,7.43,0.014199999999999999
https://joseikin-insight.com/grants/【2025年】経済産業省フェムテック補助金｜最大1000万-2/,1,69,1.45%,4.74,0.014499999999999999
https://joseikin-insight.com/grants/【2025年】学校給食費相当額給付金：対象者・申請/,1,68,1.47%,7.41,0.0147
https://joseikin-insight.com/grants/【2025年】岡崎市防犯用具購入費補助金｜最大15000円の/,2,136,1.47%,6.08,0.0147
https://joseikin-insight.com/grants/東京都住宅事業者向け感震ブレーカー購入費補助/,1,67,1.49%,9.09,0.0149
https://joseikin-insight.com/grants/【令和7年度】東京都の防犯カメラ補助金！個人宅/,2,133,1.5%,7.62,0.015
https://joseikin-insight.com/grants/【令和7年度】愛知県電子処方箋導入補助金｜医療/,2,130,1.54%,5.91,0.0154
https://joseikin-insight.com/grants/【2025-26年】三郷市省エネ家電補助金｜エアコン・冷/,1,63,1.59%,7.79,0.0159
https://joseikin-insight.com/grants/【2025年度】枚方市ひらかたゼロカーボン推進補助-4/,1,62,1.61%,5.65,0.0161
https://joseikin-insight.com/grants/【2025年度】福岡県・九州のev補助金一覧！電気自動/,2,121,1.65%,4.17,0.0165
https://joseikin-insight.com/grants/【金沢市】最大200万円！先端設備等導入促進事業/,1,60,1.67%,4.75,0.0167
https://joseikin-insight.com/grants/【2025年】定額減税調整給付金（不足額給付）｜対-4/,1,59,1.69%,9.71,0.0169
https://joseikin-insight.com/grants/【2025年度】武蔵野市住まいの防犯対策補助金｜最/,1,58,1.72%,7.67,0.0172
https://joseikin-insight.com/grants/働き方改革推進支援助成金（団体推進コース）：/,1,57,1.75%,8.3,0.0175
https://joseikin-insight.com/grants/【2025年最新】東村山市の太陽光・蓄電池補助金｜/,1,56,1.79%,9.95,0.0179
https://joseikin-insight.com/grants/【2025年】伊勢崎市-中小企業gx推進事業費補助金｜最/,1,56,1.79%,7.36,0.0179
https://joseikin-insight.com/grants/中小企業・個人事業主向け省エネ補助金情報（sii-2/,1,56,1.79%,6.8,0.0179
https://joseikin-insight.com/grants/【2025年最新】福岡県・九州のev補助金を徹底解説！-2/,1,56,1.79%,6.68,0.0179
https://joseikin-insight.com/grants/【2025年4月開始】妊婦支援給付金：5万円給付と相談/,1,55,1.82%,8.58,0.0182
https://joseikin-insight.com/grants/東京都電子処方箋導入支援補助金：医療機関向け/,4,219,1.83%,7.38,0.0183
https://joseikin-insight.com/grants/【2024年度】総務省-地域デジタル基盤活用推進事業/,2,109,1.83%,7.17,0.0183
https://joseikin-insight.com/grants/【2025年版】自転車ヘルメット購入補助金｜最大2000円/,1,54,1.85%,9.72,0.018500000000000003
https://joseikin-insight.com/grants/【2025年最新】需要家主導型太陽光発電導入促進事/,1,53,1.89%,7.58,0.0189
https://joseikin-insight.com/grants/【2025年】野良猫の不妊去勢手術（tnr）補助金｜1頭最/,1,53,1.89%,2.64,0.0189
https://joseikin-insight.com/grants/【2024年最新】就労自立給付金とは？最大15万円！生/,1,52,1.92%,9.42,0.0192
https://joseikin-insight.com/grants/令和7年度東京都保健医療局-医療機関等支援事業/,1,52,1.92%,7.52,0.0192
https://joseikin-insight.com/grants/【2025年版】北海道の観光補助金・助成金78選！目的/,2,101,1.98%,4.12,0.019799999999999998
https://joseikin-insight.com/grants/【2025年】農林水産省フードテックビジネス実証事/,1,50,2%,4.8,0.02
https://joseikin-insight.com/grants/【2025年度】建設業dx推進助成金｜バックオフィス業/,1,49,2.04%,5.45,0.0204
https://joseikin-insight.com/grants/【2025年度】新宿区の防犯カメラ設置に最大2万円！/,1,49,2.04%,7.78,0.0204
https://joseikin-insight.com/grants/【2025年】高齢者向け配食サービス（食の自立支援/,1,49,2.04%,2.33,0.0204
https://joseikin-insight.com/grants/【港湾dx】遠隔操作rtg導入促進補助金を徹底解説！-2/,1,48,2.08%,5.9,0.0208
https://joseikin-insight.com/grants/【令和7年度】東京都居宅介護支援事業所事務職員/,1,47,2.13%,5.98,0.0213
https://joseikin-insight.com/grants/【公募終了】gxサプライチェーン構築支援事業とは/,2,94,2.13%,6.97,0.0213
https://joseikin-insight.com/grants/【2025年千代田区】物価高騰対策区民生活支援事業/,2,93,2.15%,9.76,0.0215
https://joseikin-insight.com/column/【東京おこめクーポン】対象者・申請方法をプロ/,2,92,2.17%,8.76,0.0217
https://joseikin-insight.com/grants/岡山県人手不足対策設備導入等支援補助金：中小/,1,46,2.17%,6.5,0.0217
https://joseikin-insight.com/grants/【2025年最新】福岡県・九州のev補助金を徹底解説！/,3,137,2.19%,5.53,0.0219
https://joseikin-insight.com/grants/【2025年-令和7年度】東京都の居宅介護支援事業所事/,4,180,2.22%,5.03,0.0222
https://joseikin-insight.com/grants/令和７年度東京都医療ｄｘ人材育成支援事業/,1,45,2.22%,6.8,0.0222
https://joseikin-insight.com/grants/電子処方箋導入支援：医療機関・薬局向け補助金/,1,45,2.22%,8.73,0.0222
https://joseikin-insight.com/grants/【2025年開始】こども誰でも通園制度｜利用条件・/,2,89,2.25%,9.07,0.0225
https://joseikin-insight.com/grants/【2025年】愛知県-高校生等奨学給付金｜非課税世帯/,1,44,2.27%,7.5,0.0227
https://joseikin-insight.com/grants/【2025年版】滋賀県の補助金・助成金一覧！農業・-2/,1,44,2.27%,9.36,0.0227
https://joseikin-insight.com/grants/【最大5億円】グローバルサウス未来志向型共創等/,2,88,2.27%,8.88,0.0227
https://joseikin-insight.com/grants/燃料電池フォークリフト導入促進補助金（令和7年/,1,44,2.27%,5.66,0.0227
https://joseikin-insight.com/grants/住居確保給付金2024：離職・休業者の家賃を最大9ヶ/,1,44,2.27%,9.55,0.0227
https://joseikin-insight.com/grants/【2025年度】東村山市の防犯対策補助金｜最大2万円/,1,43,2.33%,8.77,0.0233
https://joseikin-insight.com/grants/【2025年】町田市住まいの防犯対策補助金｜防犯カ/,1,42,2.38%,7.93,0.023799999999999998
https://joseikin-insight.com/grants/【2025年堺市】定額減税不足額給付金｜最大4万円の/,2,84,2.38%,7.39,0.023799999999999998
https://joseikin-insight.com/grants/【2025年】山梨県の医療機関向け生産性向上支援事/,1,41,2.44%,4.66,0.024399999999999998
https://joseikin-insight.com/grants/【2025年度】松山市脱炭素加速化補助金｜zehで最大110-2/,1,41,2.44%,4.2,0.024399999999999998
https://joseikin-insight.com/grants/墨田区自転車ヘルメット購入助成金：令和7年度-3/,1,40,2.5%,3.2,0.025
https://joseikin-insight.com/grants/【2025年最新】大阪府大東市の事業者向け補助金4選/,1,40,2.5%,7.92,0.025
https://joseikin-insight.com/grants/【2025年度】中野区の私立幼稚園補助金｜入園料・/,1,40,2.5%,6.3,0.025
https://joseikin-insight.com/grants/【最大40億円】令和6年度-系統用蓄電池・水電解装/,1,40,2.5%,7.4,0.025
https://joseikin-insight.com/grants/【2025年】農業機械の電動化促進事業｜環境省の脱-3/,1,40,2.5%,6.12,0.025
https://joseikin-insight.com/grants/【2025年度版】目黒区の防犯対策補助金｜最大3万円-3/,1,39,2.56%,6.03,0.0256
https://joseikin-insight.com/grants/【2025年春日井市】省エネルギー設備投資助成金｜/,1,39,2.56%,8.15,0.0256
https://joseikin-insight.com/grants/【2025年】鴻巣市の防犯カメラ補助金！個人向け最/,1,39,2.56%,5.69,0.0256
https://joseikin-insight.com/grants/【武蔵野市】住まいの防犯対策補助金｜最大5万-3/,3,116,2.59%,7.16,0.0259
https://joseikin-insight.com/grants/【2025年版】東京都の商店街補助金まとめ｜イベン/,1,38,2.63%,5.03,0.0263
https://joseikin-insight.com/grants/建築gx・dx推進事業：bim・lca活用で設計・建設を支援【2/,1,38,2.63%,6.61,0.0263
https://joseikin-insight.com/grants/令和7年度高度無線環境整備推進事業：地方創生を/,1,38,2.63%,7.29,0.0263
https://joseikin-insight.com/grants/【令和7年度】医療機関の生産性向上・職場環境整/?PageSpeed=noscript,1,37,2.7%,7.97,0.027000000000000003
https://joseikin-insight.com/grants/【令和7年度】コミュニティ助成事業を徹底解説-3/,1,37,2.7%,7.16,0.027000000000000003
https://joseikin-insight.com/grants/【2025年】大阪市本社機能立地促進助成金｜最大2400万/,1,37,2.7%,6.97,0.027000000000000003
https://joseikin-insight.com/grants/日本製鉄、高炉から電炉への転換投資を決定！gx推/,1,37,2.7%,5.59,0.027000000000000003
https://joseikin-insight.com/grants/【一宮市】防犯カメラ・センサーライト購入費補/,1,36,2.78%,7.78,0.0278
https://joseikin-insight.com/grants/在宅医療・介護現場向け防犯機器導入支援【2025年/,1,36,2.78%,6.58,0.0278
https://joseikin-insight.com/grants/【2025年版】スマート保安実証支援事業費補助金｜-2/,1,35,2.86%,7.2,0.0286
https://joseikin-insight.com/grants/【2025年度版】練馬区ベビーシッター利用支援事業/,1,35,2.86%,7.71,0.0286
https://joseikin-insight.com/grants/【2025年-練馬区】住まいの防犯対策緊急助成事業｜-3/,1,35,2.86%,7.89,0.0286
https://joseikin-insight.com/grants/【2025年度】つくば市アイラブつくばまちづくり補/,1,34,2.94%,6.24,0.0294
https://joseikin-insight.com/grants/【2025年-兵庫県】多胎児家庭外出支援事業｜ベビー/,1,34,2.94%,7.65,0.0294
https://joseikin-insight.com/grants/【2025年版】東京都の商店街補助金メニュー一覧｜/,1,34,2.94%,7.41,0.0294
https://joseikin-insight.com/grants/【令和8年度】コミュニティ助成事業｜自治会・町/,1,34,2.94%,5.44,0.0294
https://joseikin-insight.com/grants/【令和5年度zeb実証事業】採択結果を解説！大規模/,1,34,2.94%,4.35,0.0294
https://joseikin-insight.com/grants/【2025年千葉県】中小企業成長促進補助金（第2弾）/,1,34,2.94%,7.09,0.0294
https://joseikin-insight.com/grants/【2025年】中野区防犯機器等購入補助金｜最大3万円/,2,67,2.99%,7.7,0.029900000000000003
https://joseikin-insight.com/grants/【2025年版】タクシー・バスのev導入補助金！商用車/,2,66,3.03%,5.35,0.030299999999999997
https://joseikin-insight.com/grants/【2025年】コールドチェーン脱フロン補助金｜冷凍-2/,1,33,3.03%,4.33,0.030299999999999997
https://joseikin-insight.com/grants/【2025年版】愛媛県上島町の省エネ家電買換え補助/,1,33,3.03%,4.7,0.030299999999999997
https://joseikin-insight.com/grants/スマートメーター活用dr実証事業｜令和6年度補正/,1,33,3.03%,5.36,0.030299999999999997
https://joseikin-insight.com/grants/【杉並区】こども誰でも通園制度（乳児等通園支-4/,2,65,3.08%,6.14,0.0308
https://joseikin-insight.com/grants/令和７年度金融機関と連携したサステナビリティ/,1,32,3.12%,8.0,0.031200000000000002
https://joseikin-insight.com/grants/【2025年最新】サステナブル建築物等先導事業（省co2/,1,32,3.12%,6.5,0.031200000000000002
https://joseikin-insight.com/grants/【2025年開始】こども誰でも通園制度とは？月10時間/,1,32,3.12%,7.38,0.031200000000000002
https://joseikin-insight.com/grants/【2025年版】茨木市創業促進事業補助金｜最大50万円/,1,32,3.12%,4.91,0.031200000000000002
https://joseikin-insight.com/grants/【2025年版】佐倉市住宅用脱炭素化補助金｜太陽光/,1,31,3.23%,9.42,0.0323
https://joseikin-insight.com/grants/【2025年度版】豊島区の補助金3選！最大200万円＋家賃/,1,31,3.23%,7.42,0.0323
https://joseikin-insight.com/grants/【2025年度】札幌市中小企業dx推進補助金を徹底解説-2/,1,31,3.23%,7.03,0.0323
https://joseikin-insight.com/grants/【2025年門真市】省エネエアコン買い換え補助金｜3/,1,31,3.23%,6.65,0.0323
https://joseikin-insight.com/grants/東京都介護支援専門員法定研修受講料補助金（令/,1,31,3.23%,7.87,0.0323
https://joseikin-insight.com/grants/【令和8年度】文化庁の補助金・助成金一覧！文化/,3,92,3.26%,9.22,0.0326
https://joseikin-insight.com/grants/【2025年最新】医療・介護事業者向け補助金一覧！-3/,2,61,3.28%,5.61,0.032799999999999996
https://joseikin-insight.com/grants/【2025年版】新潟県介護テクノロジー導入支援補助/,1,30,3.33%,6.3,0.0333
https://joseikin-insight.com/grants/【台東区】飲食店向け！ハラール・ヴィーガン認/,1,30,3.33%,7.23,0.0333
https://joseikin-insight.com/grants/【2025年】経済産業省「地域の人事部」支援事業補-2/,1,30,3.33%,8.13,0.0333
https://joseikin-insight.com/grants/【2025年度】八戸市木質バイオマス利活用促進事業/?PageSpeed=noscript,1,30,3.33%,9.37,0.0333
https://joseikin-insight.com/grants/【2025年】蕨市家庭用防犯カメラ設置費補助金｜最/,1,30,3.33%,4.6,0.0333
https://joseikin-insight.com/grants/【2025年9月最新】兵庫県の補助金・助成金一覧！事/,1,30,3.33%,4.4,0.0333
https://joseikin-insight.com/grants/【2025年】原子力産業基盤強化事業補助金を徹底解/,1,30,3.33%,5.17,0.0333
https://joseikin-insight.com/grants/co2排出削減困難な産業向け支援事業：製造プロセ/,2,60,3.33%,7.93,0.0333
https://joseikin-insight.com/grants/【2025年】目黒区感震ブレーカー設置助成金｜最大8-3/,2,56,3.57%,5.32,0.035699999999999996
https://joseikin-insight.com/grants/【2025年】感震ブレーカー設置補助金｜最大5万円！/,3,82,3.66%,1.66,0.0366
https://joseikin-insight.com/grants/【令和7年度】東京都フリースクール等利用料助成/,2,54,3.7%,7.17,0.037000000000000005
https://joseikin-insight.com/grants/【2025年】埼玉県電気自動車ev補助金は最大40万円！申/,3,80,3.75%,5.46,0.0375
https://joseikin-insight.com/grants/【最大7億円】福島県地域復興実用化開発等促進-4/,2,51,3.92%,5.1,0.0392
https://joseikin-insight.com/grants/【2025年度最新】全国の貸切バス助成金・補助金一/,2,49,4.08%,7.49,0.0408
https://joseikin-insight.com/grants/【兵庫県】医療機関向け生産性向上支援事業｜ict/?PageSpeed=noscript,3,70,4.29%,8.44,0.0429
https://joseikin-insight.com/grants/【板橋区】令和7年度生活支援臨時給付金（不足-3/,2,46,4.35%,9.35,0.0435
https://joseikin-insight.com/grants/【札幌市】小型除雪機購入費補助金（令和7年度-2/,2,44,4.55%,4.41,0.0455
https://joseikin-insight.com/grants/【江戸川区】えどがわママパパ応援隊｜家事・育-3/,2,44,4.55%,6.93,0.0455
https://joseikin-insight.com/grants/【2025年版】省エネルギー設備投資利子補給金を徹/,3,66,4.55%,6.02,0.0455
https://joseikin-insight.com/grants/【2025年開始】こども誰でも通園制度とは？月10時間-2/,2,42,4.76%,8.24,0.047599999999999996
https://joseikin-insight.com/grants/滋賀県電子処方箋導入促進補助金（令和7年度）：/,2,41,4.88%,6.05,0.048799999999999996
https://joseikin-insight.com/grants/【2025-2026年】三郷市省エネ家電補助金で一律8万円！エ/,2,41,4.88%,6.51,0.048799999999999996
https://joseikin-insight.com/grants/【2025年釧路市】空き店舗等活用促進事業補助金｜/,2,40,5%,7.72,0.05
https://joseikin-insight.com/grants/【2025年】最大2000万円！水力発電導入加速化事業費補/,2,39,5.13%,6.59,0.0513
https://joseikin-insight.com/grants/【2025年度】トラック安全装置導入助成金｜バック/,2,39,5.13%,6.41,0.0513
https://joseikin-insight.com/grants/【最大3万円】杉並区の防犯機器購入補助金を徹底/,3,58,5.17%,6.97,0.051699999999999996
https://joseikin-insight.com/grants/【2025年開始】こども誰でも通園制度｜利用条件・-2/,4,77,5.19%,7.62,0.0519
https://joseikin-insight.com/grants/【令和7年度】排出削減困難産業gx投資支援事業を/,4,75,5.33%,8.83,0.0533
https://joseikin-insight.com/grants/【2025年版】禁煙外来の助成金は上限1万円！費用を/,3,56,5.36%,7.8,0.0536
https://joseikin-insight.com/grants/ケーブルテレビネットワーク耐災害性強化事業：/,2,37,5.41%,5.16,0.0541
https://joseikin-insight.com/grants/【福井市】高齢者世帯の防犯対策に最大2万円！-3/,2,37,5.41%,5.86,0.0541
https://joseikin-insight.com/grants/【2025年最新】足立区介護職員資格取得支援助成金/,2,36,5.56%,6.67,0.0556
https://joseikin-insight.com/grants/【2025年度版】兵庫県の次世代自動車補助金一覧！ev-2/,2,35,5.71%,5.71,0.0571
https://joseikin-insight.com/grants/【千葉県】中小企業の奨学金返還支援補助金｜年/,3,51,5.88%,8.31,0.0588
https://joseikin-insight.com/grants/在宅医療現場における防犯機器等導入支援事業/,4,68,5.88%,4.99,0.0588
https://joseikin-insight.com/grants/サステナブル倉庫モデル促進事業（zeb化・省co2化普/,3,51,5.88%,7.53,0.0588
https://joseikin-insight.com/grants/【2025年度】東京都-介護支援専門員ケアマネ研修費/,4,68,5.88%,7.1,0.0588
https://joseikin-insight.com/grants/【2025年】東京都電子処方箋導入促進補助金｜医療/,2,33,6.06%,8.64,0.060599999999999994
https://joseikin-insight.com/grants/【兵庫県】医療機関向け生産性向上・職場環境整/,2,33,6.06%,7.48,0.060599999999999994
https://joseikin-insight.com/grants/【東京都】医療機関向けpmh接続補助金｜国の制度/,5,82,6.1%,6.93,0.061
https://joseikin-insight.com/grants/【2025年版】双子・三つ子家庭必見！多胎児家庭支/,3,49,6.12%,3.45,0.061200000000000004
https://joseikin-insight.com/grants/【杉並区】こども誰でも通園制度（乳児等通園支-3/,3,49,6.12%,6.53,0.061200000000000004
https://joseikin-insight.com/grants/【東京都】令和6年度-薬物乱用防止ポスター・標語/,4,64,6.25%,8.81,0.0625
https://joseikin-insight.com/grants/【2025年】泉大津市の幼児2人同乗用自転車補助金｜/,3,48,6.25%,2.9,0.0625
https://joseikin-insight.com/grants/グローバルサウス補助金最新情報-令和6年度補正-2/,2,31,6.45%,7.87,0.0645
https://joseikin-insight.com/grants/令和7年度-携帯電話等エリア整備事業：通信環境を/,3,44,6.82%,4.66,0.0682
https://joseikin-insight.com/grants/【ss事業者必見】全国石油協会の設備投資補助金-2/,3,43,6.98%,7.84,0.0698
https://joseikin-insight.com/grants/【2025年】豊田市結婚新生活支援補助金｜最大60万円/,3,43,6.98%,6.91,0.0698
https://joseikin-insight.com/grants/【2025年-令和7年度】埼玉県電気自動車ev補助金｜最大4-2/,3,42,7.14%,6.21,0.07139999999999999
https://joseikin-insight.com/grants/令和7年度-再生医療cdmo補助金：製造設備投資を支援/,4,54,7.41%,6.91,0.0741
https://joseikin-insight.com/grants/【2025年-東久留米市】防犯機器設置費補助金｜最大2/,3,40,7.5%,5.72,0.075
https://joseikin-insight.com/grants/【最大30万円】進学・就職準備給付金とは？生活保/,3,39,7.69%,8.56,0.07690000000000001
https://joseikin-insight.com/grants/【2025年】環境省のペロブスカイト太陽電池導入補-2/,3,39,7.69%,6.62,0.07690000000000001
https://joseikin-insight.com/grants/東京都医療機関等物価高騰緊急対策支援金（令和-2/,3,37,8.11%,6.76,0.08109999999999999
https://joseikin-insight.com/grants/【2025年】大田区住まいの防犯対策緊急補助金｜最-4/,4,49,8.16%,6.04,0.0816
https://joseikin-insight.com/grants/【令和7年度】埼玉県電気自動車補助金｜最大40万/,3,35,8.57%,3.69,0.0857
https://joseikin-insight.com/grants/【2025年5月7日締切】経産省「国際標準化推進事業」-2/,3,32,9.38%,6.62,0.09380000000000001
https://joseikin-insight.com/grants/【2025年最新】横浜市の妊婦健診費用助成金｜5万円/,4,42,9.52%,6.9,0.09519999999999999
https://joseikin-insight.com/grants/【2025年】燃料電池フォークリフト導入補助金｜最-5/,5,51,9.8%,4.76,0.098
